Hour,TrafficVolume,BandwidthConsumption,BandwidthResources,SuddenSpike,Overloading,Latency,CyberAttack,PhysicalDisruption
0,51.05902110883473,54.38502945347933,22,0,1,68.44487309334892,0,0
1,57.913666741618464,59.28409393764437,68,0,0,69.68930000355412,0,0
2,64.57211952245004,68.91241528106815,22,0,1,111.22970648966745,0,0
3,71.3299407023681,35.72439455982091,60,0,1,197.65556111795206,0,0
4,75.49677329247972,62.07378636969567,34,0,1,171.67374584731763,0,0
5,78.7538798533309,82.92774083056092,74,0,1,107.29866082121009,0,0
6,80.2766015094759,99.21421722329006,98,0,0,25.40666872341923,0,0
7,78.74595278308699,50.675479627670285,49,0,1,184.41112760360798,0,0
8,75.94700715643091,62.56789381846703,45,0,1,82.01980926703315,0,0
9,71.42381542416275,47.21037528325049,98,0,0,18.562282605045972,0,0
10,64.81921805925167,48.11302233520092,72,0,0,52.00889379549283,0,0
11,57.131038979531034,75.4397028142308,64,0,0,62.222580922051776,0,0
12,50.27866609835415,59.28694718518185,19,0,1,62.64432203787652,0,0
13,42.00368004301799,42.87989008112524,30,0,1,188.60264496645797,0,0
14,34.603452124817295,43.89622939575933,41,0,0,31.50837911772678,0,0
15,29.892404248641448,29.16191290373737,22,0,1,28.687850524731978,0,0
16,23.47644422541825,20.968280819174712,99,0,0,92.8218484825132,0,0
17,21.13167888153754,14.821593395261559,22,0,0,33.20647573578939,0,0
18,19.727080002586884,23.456215956103826,63,0,0,54.40300148548457,0,0
19,20.480689370733145,24.403674444877424,11,0,1,114.5712454004233,0,0
20,23.67098431700493,12.703115135034157,43,0,0,67.86696496545491,0,0
21,28.910204737460358,20.778050584369666,30,0,0,72.46032966898079,0,0
22,35.50039701880833,19.285666010922974,96,0,0,67.73961841159891,0,0
23,41.50130812430881,40.28988273641055,17,0,1,190.5151583010654,0,0
24,50.13918376102681,27.39952374291364,21,0,1,132.94421785148015,0,0
25,56.9410859021283,49.818205547935875,12,0,1,109.85759092266359,0,1
26,65.55043645333441,91.33782858624166,87,0,0,44.81762698919643,0,0
27,70.05200597937099,90.17636970542289,51,0,1,168.63815823045852,0,0
28,76.48603563712129,81.91009258237152,41,0,1,116.78450702757455,0,0
29,79.29667871455754,51.53061038274678,61,0,1,108.86115660667484,0,0
30,80.13412867793069,95.87700708225056,52,0,1,23.23895159094831,0,0
31,78.67298779842979,65.96683410344515,98,0,0,10.856692073403039,0,0
32,76.445291471651,49.62773674429205,72,0,1,114.33968475427261,0,0
33,71.40069858065071,66.52802859657702,42,0,1,163.49680960714764,0,0
34,65.45111724426117,39.45551786757092,33,0,1,175.87274626748754,0,0
35,57.430370906382144,47.485525127718994,96,0,0,45.2849538124014,0,0
36,49.940441784437496,58.75557894917989,75,0,0,45.21700822946425,0,0
37,42.196857597217594,54.44432832207821,11,0,1,48.41364032085223,0,0
38,35.04831863048856,28.591462050732275,85,0,0,12.501896885696668,0,0
39,28.979646988987728,27.48388020275971,66,0,0,40.68535590057819,0,0
40,23.25950055917385,32.58751450183384,63,0,0,84.1397005161942,0,0
41,21.145066601232962,17.863858667437533,95,0,0,72.69767203984662,0,0
42,20.792319042733787,31.003523411557648,91,0,0,47.145004482620884,0,0
43,20.270085140859646,21.107685681446704,87,0,0,45.85242603352106,0,0
44,23.64516515260777,13.658874321631323,60,0,0,96.90519103841217,0,0
45,28.72175329050823,29.572116864042165,47,0,0,10.057673528127664,0,0
46,34.52564822838265,22.530683474057536,41,0,0,58.31061242188754,0,0
47,41.424275813451096,23.981399031238535,46,0,0,60.777838413512946,0,0
48,49.65342892777917,33.07046845719114,54,0,0,22.05398943429209,0,0
49,56.95190081566715,30.774746983382535,57,0,0,69.08987373782728,0,0
50,64.89806602207688,50.705881865657794,86,0,0,94.95575774587459,0,0
51,71.28860120639308,61.19951386933181,41,0,1,29.08833511944092,0,0
52,76.01592481314958,57.176922236836965,71,0,1,145.1440539341254,0,0
53,78.6733417657023,53.94823269515584,72,0,1,144.9052763827234,0,0
54,79.70066922234221,59.921231765984835,74,0,1,57.605832526025395,0,0
55,78.75165742159923,64.94703681186272,71,0,1,74.62288664984507,0,0
56,75.1313558667016,81.33970603497525,64,0,1,119.68904117483504,0,0
57,70.90949568632296,73.5899429950062,45,0,1,196.1814774534201,0,0
58,64.62422847375584,77.85100381870738,14,0,1,32.31512074008881,0,0
59,57.79983915442274,61.62291723263305,19,0,1,86.72980720974883,0,0
60,49.81976424392219,44.957284191572285,73,0,0,56.454901027085306,0,0
61,41.6377159667944,38.77269312033375,77,0,0,93.61262570719153,0,0
62,35.26823033032485,29.145882642866447,44,0,0,30.01709525159728,0,0
63,28.094038760349754,35.24161147351791,17,0,1,119.58222872959459,0,0
64,23.835754105700087,29.384183353379488,31,0,0,89.21288874268998,0,0
65,21.65433895147813,25.404042263817164,58,0,0,66.49361751011354,0,0
66,66.48867494792367,18.22191173999225,44,46,1,156.09608086770976,0,0
67,20.991592334031438,15.283140155777733,58,0,0,88.78595570072083,0,0
68,24.007063344990154,23.988216174040815,44,0,0,30.479342094830454,0,0
69,29.352917813963334,31.321714421377013,37,0,0,55.67833852031852,0,0
70,35.46329612951659,25.413529725762388,75,0,0,97.8278254892268,0,0
71,42.61663090309519,45.599426969371734,54,0,0,52.68072820762641,0,0
72,76.5785444648128,66.68570652742899,80,27,0,15.22554366032071,0,0
73,72.85304822670322,43.26026082553786,25,16,1,120.13904231561699,0,0
74,65.12112548265722,82.69427327204241,85,0,0,72.60011126318702,0,0
75,70.45666999581297,89.44354290519699,92,0,0,58.16339382283875,0,0
76,76.2190162146156,114.01444294433172,32,0,1,172.57252893431922,0,0
77,78.23345247892142,71.55500477161921,66,0,1,167.24293559655283,0,0
78,79.63812074775616,79.66748996063025,11,0,1,32.74538395022789,0,0
79,79.01818351449317,117.93015955918236,66,0,1,196.41208925587273,0,0
80,75.66309378244969,53.610453749339236,57,0,1,185.4069226290846,0,0
81,118.11148605470498,94.92547083876745,23,47,1,38.030027365530515,0,0
82,65.18587450692084,41.89738297887662,67,0,0,79.37251738936848,0,0
83,56.35221810862616,73.78593115683205,62,0,0,15.26623150135708,0,0
84,50.31179621044877,33.52740532809769,35,0,1,194.30093321474922,0,0
85,42.729188169927,24.48074256723882,36,0,1,134.26061309828663,0,0
86,33.53424159002038,40.04403945026457,77,0,0,61.93543188482008,0,1
87,28.496485301122704,17.01945727284335,48,0,0,44.20482508136013,0,0
88,23.630444135971977,24.0156502719262,19,0,1,106.22783470853447,0,0
89,20.138250028941012,23.474194478648755,88,0,0,85.03914128246215,0,0
90,19.91222443059009,22.502255932764804,19,0,1,126.76141676094663,0,0
91,21.519008645578552,19.86546430145146,11,0,1,57.68025922713141,0,0
92,24.112501102797665,22.106594679184173,78,0,0,17.204145679453035,0,0
93,28.905891534465482,32.17131993794919,50,0,0,12.378169665522792,0,0
94,34.69637786790351,45.54951729250782,89,0,0,51.922061658821,0,0
95,42.16574897794042,56.2860232977949,15,0,1,140.86665555816387,0,0
96,50.056591296032586,38.01587055488787,98,0,0,26.97851422584645,0,0
97,58.41248650370071,64.85954291989486,76,0,0,80.59195132067812,0,0
98,64.61033746611587,40.85571882516333,60,0,1,148.03040786652218,0,0
99,71.60513010540143,98.60292495593076,62,0,1,136.63025862597112,0,0
100,76.54145588273833,49.04902617030207,81,0,0,91.44743146568959,0,0
101,78.52927016355588,64.73162770991614,29,0,1,24.08277477772488,0,0
102,80.13897982381701,102.71029725310437,23,0,1,103.23263117389463,0,0
103,79.06116171266298,40.70084648127376,39,0,1,190.07609030188723,0,0
104,76.47441131474726,93.32188614738638,96,0,0,46.0331430852372,0,0
105,70.83126309755477,71.68173328679022,53,0,1,26.79736030406167,0,1
106,65.1960532555562,87.22261958328441,78,0,0,32.39396800329369,0,0
107,57.47766842630593,48.127945752161345,60,0,0,24.601263667046258,0,0
108,49.563832990278435,43.51382594449442,24,0,1,43.11506101766561,0,0
109,42.37541797506133,41.20983705527295,53,0,0,49.417500470908884,0,0
110,35.02997429690355,40.000174586592394,43,0,0,32.43384093244778,0,0
111,28.870693160092834,21.070064235586248,90,0,0,50.67345400171035,0,0
112,24.335190489563992,30.761365386857317,23,0,1,64.54878788119768,0,0
113,20.77866056128452,19.30547502125786,86,0,0,97.79329217779723,0,0
114,20.070285351491044,22.665007802652415,48,0,0,24.903985941520325,0,0
115,21.125601540861236,13.826776469059137,67,0,0,85.4678043948924,0,0
116,23.075681487611696,21.086685257266204,18,0,1,71.21915894973937,0,0
117,76.64708150575797,31.19930352622043,11,47,1,50.867940169243454,0,0
118,34.4580555811133,50.72682073107649,91,0,0,27.956643729777582,0,0
119,41.92121395697508,47.4870605411087,21,0,1,131.27364841696192,0,0
120,50.24237731358843,46.25009050648041,73,0,0,81.56760273821749,0,0
121,57.14596982348253,45.84463770733042,37,0,1,50.600654712031975,0,0
122,64.74373753089814,68.68437343584918,64,0,1,66.76623575917318,0,0
123,71.41558991898248,64.45172701823493,95,0,0,37.250308797365165,0,0
124,76.1439564504446,109.37287500558185,45,0,1,52.298695030034324,0,0
125,80.2647514471023,55.782110760124745,72,0,1,173.66610061343738,0,0
126,79.7193940829701,47.53043824043297,65,0,1,161.58497258608463,0,0
127,78.28058062567185,78.4139299333091,16,0,1,146.03626581618855,0,0
128,75.17223420248784,46.16358340749125,73,0,1,100.17990151696587,0,0
129,71.2052095538236,47.99129552515908,31,0,1,128.53323171136512,0,1
130,64.94073936526247,96.53660294322408,71,0,0,54.83416351201282,0,0
131,57.64155207825594,39.01033696789389,40,0,1,95.2525404478485,0,0
132,50.08298465678158,49.74539975586344,84,0,0,40.05927800851035,0,0
133,42.731914284821755,47.35239500710892,50,0,0,50.433830603718214,0,0
134,35.803187822854355,37.86467116286958,64,0,0,31.94278190211312,0,0
135,28.648721702227768,22.899588708185085,80,0,0,72.66142421683217,0,0
136,24.02532671959933,31.189959318988745,54,0,0,27.879373838014768,0,0
137,19.990110380239358,19.717356389805207,78,0,0,31.417487750258072,0,0
138,19.449837023761994,25.54561354413436,13,0,1,133.25864750805923,0,0
139,20.961010312617397,12.89789395392864,66,0,0,94.27629800131952,0,0
140,23.592890269569494,17.24866558657718,33,0,0,70.00296812184864,0,0
141,29.010694528191106,23.448106536600044,53,0,0,19.070115929540172,0,0
142,34.6689399280157,22.17421286870514,40,0,0,28.808438610568867,0,0
143,42.140107278371794,54.79784614728228,11,0,1,65.42254777001165,0,0
144,50.349017035068336,56.32186731042153,76,0,0,96.93399562272253,0,0
145,58.32142874998014,81.23020806382749,79,0,0,46.74451629061853,0,0
146,64.75925665514522,59.73865799229218,36,0,1,173.26578761718628,0,0
147,70.63941104472195,103.48528069875655,89,0,0,78.98313073213008,0,0
148,76.36213679939384,63.44270051219231,46,0,1,47.72414615727803,0,0
149,78.94096412632626,86.5501101803361,12,0,1,83.7496543558442,0,0
150,98.99422527022087,51.087471070969436,54,19,1,123.01631047624525,0,0
151,78.83939680119167,88.88650673793548,40,0,1,22.681790608171788,0,0
152,76.09858297026113,74.83226989761967,59,0,1,113.8071991028718,0,0
153,70.52688510984946,61.21985141841567,52,0,1,75.44142541836477,0,0
154,64.51676281983863,88.92578691042839,82,0,0,56.81062530399262,0,0
155,57.76285000426401,63.759774470056776,55,0,1,46.78847731751189,0,0
156,49.35133765258385,59.345712692581436,22,0,1,94.71618801588963,0,0
157,42.478086683896166,56.134917205827335,95,0,0,20.3134789525582,0,1
158,36.34345977975593,18.982850703532684,12,0,1,57.986603576993076,0,0
159,28.81177975745969,28.970876450361388,82,0,0,14.719278914812257,0,0
160,23.940060536405994,13.460880948779794,22,0,1,158.7253461619169,0,0
161,21.381489294844744,16.094299121212703,18,0,1,197.2062434725293,0,0
162,19.338916918312076,11.173476811232328,22,0,0,55.596476795610315,0,0
163,21.08115539831654,18.05113474644346,66,0,0,44.363544000538354,0,0
164,24.226875762944175,21.354882265607337,48,0,0,74.83929205914126,0,1
165,28.86851959325522,39.56903707163619,87,0,0,56.11518612895919,0,0
166,35.19997081442724,44.46796587072125,33,0,1,184.46463833342725,0,0
167,42.50865081441059,49.405229781038386,80,0,0,87.46164652807428,0,0
168,50.27104326151037,55.506614127327055,55,0,0,32.049605551565946,0,0
169,58.32182811411456,83.5855121630444,79,0,0,18.840337673584393,0,0
170,65.67689106245916,66.25552251801615,55,0,1,20.7183140084631,0,0
171,70.72998821743519,72.85247640339122,48,0,1,182.39410455421236,0,0
172,77.22399449675467,80.95949628548945,18,0,1,139.78743001439784,0,0
173,79.47665115862782,41.31466435491383,50,0,1,170.24322989295098,0,0
174,80.3294770812799,57.130369928149655,27,0,1,136.08480276276708,0,0
175,78.32408418338827,108.31266098334115,47,0,1,38.01125154280122,0,0
176,76.18258460421406,53.12454915537952,15,0,1,47.88773278836872,0,0
177,72.01466607093188,55.37928200877379,42,0,1,58.10545581884782,1,0
178,65.53017883652375,81.78517956325479,31,0,1,123.83808574095296,0,0
179,57.30864596057183,77.0657261046589,68,0,0,86.06091718295121,0,0
180,50.200945421818346,42.009112591478825,12,0,1,21.415502004898947,0,0
181,42.49545246774192,50.00725024094081,41,0,1,43.906579993533114,0,0
182,34.86047895282557,31.891881092491122,10,0,1,172.99018503232952,0,0
183,28.571216405559912,30.328821294301484,57,0,0,71.9664584191984,0,0
184,24.025338339008094,24.090675151559168,73,0,0,60.26946670174146,0,0
185,20.937129408598985,16.002897035172754,80,0,0,65.75605520518572,0,0
186,20.678039735967037,24.71475755149584,88,0,0,39.06744452079195,0,0
187,49.42716263013499,31.318778154657107,83,28,0,17.417712670347665,0,0
188,23.695553056088183,27.284501017385583,56,0,0,29.68648319683063,0,0
189,28.78356205088324,15.24138467212264,63,0,0,46.38459811554154,0,0
190,35.40215380550638,37.49987348153175,19,0,1,157.73404513488512,0,0
191,42.04539015751151,34.7789476294095,71,0,0,36.1318041591212,0,0
192,50.784301424715295,73.89175678323036,88,0,0,50.11048315834696,0,0
193,57.26437084011432,56.855915391205116,95,0,0,64.61604668588103,0,0
194,65.21577006502642,83.36582585500577,70,0,0,66.60853544255957,0,0
195,70.9579124002133,49.19892959999106,27,0,1,127.31298925630796,0,0
196,75.91039811709788,64.58914199164424,44,0,1,164.70179900876167,0,0
197,78.7945531313282,55.35141021423565,46,0,1,44.9888060658007,0,0
198,80.44271688264375,95.60862036455339,32,0,1,79.738161024923,0,0
199,78.8923823544147,95.03533632035153,23,0,1,38.591212090490004,0,0
200,76.09882567082197,68.81409451949584,75,0,1,114.73788643163168,0,0
201,71.26402320384274,71.6888602699848,12,0,1,132.36547102314384,0,0
202,65.30014291507581,37.21718686796718,69,0,0,73.92229140799584,0,0
203,57.406420324534125,45.96016832468375,68,0,0,30.76868828446428,0,0
204,63.136867434717544,39.39359616356344,74,13,0,15.500652167512943,0,0
205,42.14231849478324,50.117715102280265,63,0,0,45.20480583520303,0,0
206,35.042185651121166,29.700302949887213,11,0,1,25.860435579717937,0,0
207,28.63223108498848,21.139141179471764,41,0,0,44.705619127622754,0,0
208,24.32933746408468,34.82882230675615,66,0,0,89.93204997879356,1,0
209,20.542452291979902,21.781888797805408,15,0,1,107.84063148877847,0,1
210,20.59944303514702,30.059136887847835,56,0,0,66.19210843630479,0,0
211,21.386718954622225,28.4890196898059,29,0,0,46.67982509633512,0,0
212,24.789241358764464,22.62670294438411,53,0,0,38.52772245601834,0,0
213,29.704152482362215,23.689095688734877,63,0,0,42.34849673734421,0,1
214,35.96188437627675,20.987433565329574,72,0,0,94.6847189147669,0,0
215,42.03530328712604,41.454914066298244,52,0,0,72.05500017316831,0,0
216,49.51639820041964,50.03637945159815,75,0,0,27.305669958399445,0,0
217,57.1578470379536,79.9868367932326,31,0,1,143.98112070327542,0,0
218,65.87860206593368,88.0144621571025,99,0,0,32.61988731300325,0,0
219,71.55901451647395,78.86211421240765,12,0,1,93.62741632694483,0,0
220,76.21574821686401,40.31203260770823,33,0,1,191.2733136731851,0,0
221,79.36633403118785,90.38705653481153,12,0,1,42.880976495707245,0,0
222,79.36012082412583,47.58439369097242,20,0,1,165.22578925987773,0,0
223,79.99479025431918,109.04103468366345,54,0,1,92.891840487415,0,0
224,97.76587781700312,57.18678356298485,21,22,1,29.714443247773353,0,0
225,70.61918993413202,66.05009205509394,75,0,0,50.285533358650724,0,0
226,65.49526036630128,87.89800008904695,35,0,1,78.90166101878532,0,0
227,57.986035222433365,55.426472924550296,83,0,0,83.52542684264928,0,0
228,49.79596328911071,26.192404863762707,29,0,1,119.13710442244917,0,0
229,42.678570585787405,39.72685716264847,88,0,0,24.863681132046104,0,0
230,35.31671658971431,26.352261621121624,61,0,0,38.471527171544324,0,0
231,29.225031709460968,36.511596153702136,84,0,0,61.562763040300155,0,0
232,23.94474943447893,13.569664692718286,15,0,1,129.82967028890687,0,0
233,30.793755265816863,10.466816845391092,96,10,0,91.5205033595561,0,0
234,19.452758336010124,23.534938186378902,77,0,0,60.514122588884746,0,0
235,20.650488628637078,27.662094431290196,51,0,0,17.51155321079119,0,0
236,24.460753569112132,33.72967549191257,89,0,0,30.190574602735396,0,0
237,28.84766995539459,29.241810223259936,81,0,0,71.12395612026809,0,0
238,34.19065420984007,40.088933481784544,65,0,0,84.7962643926608,0,0
239,42.14257300045536,32.51958344908566,25,0,1,89.831606799963,0,0
240,49.889700458233264,34.64026028533449,46,0,1,110.25574983988726,0,0
241,58.28435544505905,31.458495429216736,11,0,1,44.69663696473194,0,0
242,64.81425468056885,46.87274075003631,67,0,0,39.40291272952455,0,0
243,71.14285952444077,83.49962543859361,27,0,1,104.64813361454472,0,0
244,75.68631162333715,66.86226792702836,95,0,0,79.68500260358269,0,0
245,78.7886886844506,89.51851690957062,31,0,1,167.2591153660146,0,0
246,80.00639329929933,46.8315563043955,80,0,1,71.31814432288455,0,0
247,78.63520564775311,103.41444522763949,29,0,1,143.62825103195917,0,0
248,76.04107263885867,88.88000994281617,42,0,1,175.46140994609902,0,0
249,72.26023016862806,53.3145988210913,71,0,1,156.02501790937592,0,0
250,65.21103308079005,80.77815475450787,73,0,0,12.029860329670727,0,0
251,58.45572336652026,74.33715643458567,63,0,0,49.92874274682285,0,0
252,49.29796496657162,49.51669181082777,86,0,0,42.66221840853399,0,0
253,42.38505779309235,35.98348329361167,25,0,1,102.48317775880543,0,0
254,35.29445467657937,33.827284665286896,46,0,0,78.1033972862146,0,0
255,28.904130886722154,18.979849467540348,36,0,0,28.15979435970807,0,0
256,24.60560202468232,35.68431078783775,29,0,0,97.92110002650999,0,0
257,21.618152065819885,27.144441933088956,18,0,1,148.3679303847624,0,0
258,20.25579665466821,20.760949044965937,25,0,0,85.21732343742606,0,0
259,20.366167325698566,23.536911425232486,33,0,0,71.6473952044863,0,0
260,23.726569431615225,14.271748054932972,90,0,0,76.85040843140968,0,1
261,28.89512148196827,38.475518764625015,69,0,0,77.55676964937999,0,0
262,35.22879969574939,30.201166891695287,10,0,1,128.63443841075696,0,1
263,42.3966500675534,49.31034217692257,49,0,0,52.695034413276936,0,0
264,50.422066831690636,36.6869589960616,25,0,1,142.69457962174985,0,0
265,58.00798755226326,69.5537182520604,33,0,1,60.352354187339145,0,0
266,65.44973168392757,50.348343331708364,85,0,0,37.51235066183906,0,0
267,71.18178230616391,54.74334722493437,62,0,1,53.612536717527234,0,0
268,75.95054647873258,109.53509843929656,14,0,1,47.0081937236217,0,0
269,78.82369179524417,64.03457677829998,98,0,0,89.52843060409346,0,0
270,80.2171973315158,58.02498300380079,99,0,0,33.59156467399603,0,0
271,79.53780451115747,107.59971101140667,15,0,1,112.73032431292832,0,0
272,74.93125772959664,80.26537934362474,44,0,1,89.7293945153394,0,0
273,71.36679543380114,61.38775297968032,11,0,1,107.26928769602651,0,0
274,65.45864454134347,86.52091419675662,64,0,1,67.9996980964682,0,0
275,58.20215135126308,61.06154110728937,71,0,0,66.57210116100555,0,0
276,49.87523818097146,42.340961206103344,31,0,1,116.01931460111778,0,0
277,41.89370094521445,34.255689495696394,55,0,0,85.30742538728771,0,0
278,33.82885736466236,32.10702916476368,26,0,1,158.09907140260398,0,0
279,28.364131861921102,41.487076723870125,73,0,0,12.920995843992454,0,0
280,24.46230665170591,17.25768511217485,42,0,0,97.28443781758128,0,0
281,20.955068749681864,23.881263917393106,56,0,0,60.7438753493345,0,0
282,20.007293720606928,15.191200932064215,68,0,0,97.75549058576522,0,0
283,21.0404943499665,23.02262844396585,50,0,0,43.614573926687164,0,0
284,24.29698414863933,23.01417326235224,67,0,0,56.38745614996977,0,0
285,28.848881011817227,27.144601578902755,45,0,0,81.3528535748185,0,0
286,35.375802669881466,40.08490685766002,84,0,0,18.974091802045802,0,1
287,42.49536443719498,38.27185034262598,35,0,1,149.72132812362807,0,0
288,49.40032782264557,25.984744793937665,83,0,0,34.02590582759059,0,0
289,57.85989394709345,48.26918267427185,65,0,0,91.71586242433987,0,0
290,64.08141704552429,44.84481096296855,61,0,1,34.416048101873784,0,0
291,71.38012045400498,79.82712577289956,73,0,0,63.58247298856565,0,0
292,75.40387048426018,66.17663396976333,98,0,0,33.664631190066714,0,0
293,79.17468258479283,115.66306708734905,82,0,0,55.260015024407664,0,0
294,79.54480584514742,115.07008684179232,82,0,0,85.23747523321762,0,0
295,79.85752672578822,117.67553374748566,45,0,1,118.6830656753833,0,0
296,76.84394956322097,110.35967063793387,32,0,1,47.443335476350384,0,0
297,71.20190283782291,103.68096860746104,40,0,1,185.5960603168008,0,0
298,63.72541033977048,46.11871333709763,20,0,1,93.85114529910824,0,0
299,57.67879980472194,56.519711352905794,53,0,1,93.54320156623487,0,0
300,50.448127621305844,45.85995193929298,10,0,1,75.39929058894552,0,0
301,41.782671321252344,23.53093296010524,19,0,1,61.10193684762899,0,0
302,35.0798002194764,28.060179452292527,32,0,1,64.5220691301822,0,0
303,28.570833648485536,42.057084718908996,86,0,0,81.80303046323917,0,0
304,24.166925278781044,28.027451613814005,46,0,0,74.78636611702123,0,0
305,21.638678317852538,30.13904535933529,19,0,1,150.44579766599722,0,0
306,46.54065227846702,19.570933099457587,49,26,0,86.51598542204397,0,0
307,21.487324936572257,30.875162117519434,89,0,0,29.54865927618184,0,0
308,24.141333466777965,29.508293162288265,46,0,0,79.30046611845856,0,0
309,29.343983926495902,18.692015792007123,22,0,1,116.62924804808779,0,0
310,35.16820728173426,50.638670791065785,79,0,0,51.06474150602517,0,0
311,42.133959335385626,26.688327624147362,74,0,0,87.29192361624389,0,0
312,49.89794800948411,27.35110637840063,90,0,0,42.75337679953527,0,0
313,57.663497621090755,68.04659880523084,30,0,1,105.6153038549505,0,0
314,65.63339885386033,45.51231019625561,66,0,0,88.50277886209619,0,0
315,71.8352582151069,78.90714502571186,24,0,1,29.710923846566573,0,0
316,76.88965419229942,109.44606041514524,24,0,1,25.756998366932386,0,1
317,79.02258018184108,85.42135539045304,11,0,1,48.75735239039235,0,0
318,79.66894383140198,44.76321343554327,71,0,1,21.393341752433244,0,0
319,79.33453632866036,68.01760514225087,97,0,0,77.25418881393519,0,0
320,77.13987552361662,84.03457167594533,22,0,1,48.373403799017865,0,0
321,70.94749336500888,48.259101135430896,21,0,1,80.81133278483256,0,0
322,64.53871947503369,79.96046634909175,47,0,1,159.1608576687532,0,0
323,57.70495380917297,75.74715708313045,76,0,0,51.07783850627303,0,0
324,49.57906655633029,54.47163124347234,27,0,1,167.67483589972653,0,1
325,41.98160402636153,40.856409010854,47,0,0,67.16997223212951,0,0
326,35.0529662628447,46.80743003097162,84,0,0,26.50303817277697,0,0
327,28.705232608697415,31.750117801114264,83,0,0,92.63480097187315,0,0
328,23.04308332541611,29.41768829413078,40,0,0,12.534685480166964,0,0
329,20.598911366589906,24.101322893346264,31,0,0,25.553252785261876,0,0
330,20.373490585001218,27.00067467972546,63,0,0,94.99462583486142,0,0
331,20.485152118820906,30.682771938950882,19,0,1,152.82602285444742,0,0
332,24.098730664134237,19.990982365158708,65,0,0,95.78986034453891,0,0
333,28.896382702989555,15.952086033536112,18,0,1,33.94494770072156,0,0
334,34.671524235339916,50.78785193778072,91,0,0,76.81731604397785,0,0
335,41.84420156228621,22.478804284217535,65,0,0,77.96682883644425,0,0
336,49.80067003770498,63.79379975822828,83,0,0,55.0451464850697,0,0
337,56.8593770042995,47.22814064495275,71,0,0,77.72233968471645,0,0
338,65.58229581375758,61.710695844676735,58,0,1,139.6509005673656,0,0
339,71.08897846645631,65.67483646266712,50,0,1,70.26954280097468,0,0
340,76.314400690901,41.93010772948041,43,0,1,110.58279929093865,0,0
341,78.52439432107559,68.86566840111334,96,0,0,35.01771200399291,0,1
342,81.0260919909723,75.55135520752314,36,0,1,138.50264109494395,0,0
343,78.84750969407426,42.569852410406064,44,0,1,21.603402544712633,0,0
344,75.33706294519814,89.50839720614943,53,0,1,182.00915729679483,0,0
345,71.01924895954494,80.6518877164761,90,0,0,77.93234866438311,0,1
346,64.50918698375033,33.304533389113985,47,0,1,198.8466401503847,0,0
347,56.95615993276054,74.65986546299499,97,0,0,27.458584203155123,0,0
348,49.24588104106432,44.571361646123826,63,0,0,14.380263597807929,0,0
349,42.309311232336114,60.92478624059462,24,0,1,112.19002032079892,0,0
350,35.448028709567964,50.23834276343137,82,0,0,32.14520968658655,0,0
351,29.18369412001802,39.16594522812145,66,0,0,93.18980648852163,0,0
352,23.7900180467936,31.747566184323556,84,0,0,79.99593970832318,0,0
353,20.359043965897143,23.941521047850088,79,0,0,12.966322428239945,0,0
354,19.029028322889836,11.029270968159334,11,0,1,62.46974231526037,0,0
355,21.502753722007977,13.587157312951758,50,0,0,46.53709476824917,0,0
356,24.87265381159834,27.542074834143637,34,0,0,41.781334207007546,0,0
357,29.44769415401878,38.34235576832685,96,0,0,11.282739631020606,0,0
358,34.96551844792318,45.45382627737649,82,0,0,21.271083147154947,0,0
359,42.074775044142996,24.894842898127447,48,0,0,96.51718005629989,0,0
360,50.33419662237922,37.424711653051965,64,0,0,42.899058831955806,0,0
361,57.524501385006936,35.07976796954463,88,0,0,87.78620257706739,0,0
362,64.8143254190386,75.25049752843098,94,0,0,51.59247501739074,0,0
363,70.63729191199351,82.90531871891135,83,0,0,89.75987862308604,0,0
364,76.49017563037212,104.1489567678782,69,0,1,32.90640273758548,0,0
365,78.56025097349381,48.46532575660625,74,0,1,145.0319119832754,0,0
366,79.66686487477169,60.46788447974877,91,0,0,93.1716884668447,0,0
367,78.30956720142899,61.97736960155854,20,0,1,101.59015120680564,0,0
368,75.27726262545661,40.75691943697596,53,0,1,27.29189889375791,0,0
369,70.92275029507832,53.715492526161384,82,0,0,13.973266285151878,0,0
370,64.15159546640436,87.59784282850246,19,0,1,133.3652030057484,0,0
371,57.897095135047756,34.32368965758703,50,0,1,181.84888101998345,0,0
372,49.85769349689587,72.83779640204918,28,0,1,33.24739599214335,0,0
373,42.53779679916306,24.0543446421835,77,0,0,55.383702862060915,0,0
374,34.869045549500335,31.6511660324072,94,0,0,44.036604747950285,0,0
375,29.08749766912004,32.360464086362015,78,0,0,19.609693170829036,0,0
376,23.886482934744922,27.695579272364878,76,0,0,89.70079863642991,0,0
377,20.71973574328953,22.909265884556085,61,0,0,54.230255274731824,0,0
378,20.38379144241456,21.653140873056966,61,0,0,18.079743185959195,0,0
379,22.27959846732534,29.059426545463175,74,0,0,32.83732137276548,0,0
380,23.552342678228516,20.429797784956683,83,0,0,82.36990941465888,0,0
381,28.69095989166259,24.3933423231071,94,0,0,39.71323841818463,0,0
382,34.78299698983617,39.25909972990917,14,0,1,50.94476945106223,0,0
383,42.34971227430444,53.7286013683525,86,0,0,78.47531697871194,0,0
384,50.46234412762187,67.46978369035013,11,0,1,92.27981474113619,0,0
385,58.39441121843436,50.55501006121666,48,0,1,166.3779295748878,0,0
386,65.30486382466498,46.93258693069919,72,0,0,76.71357516582985,0,0
387,70.94929207193789,41.91444519066628,49,0,1,141.51115698329204,0,0
388,75.41574664643339,66.54657844148787,28,0,1,98.26040220684128,0,0
389,78.95960524093778,91.08044381435839,69,0,1,60.67538829828165,0,0
390,80.59845558674023,108.54286157486214,15,0,1,191.42248213494304,0,0
391,79.0599846443062,60.86182079966448,43,0,1,53.18583334757716,0,1
392,75.52764052412832,51.358973581978184,61,0,1,52.22067847972837,0,0
393,71.60736510803005,100.01662863805466,28,0,1,106.42929951149327,0,0
394,65.52403447520624,36.50601030594216,66,0,0,43.686099533892516,0,0
395,57.906883371044664,77.82485322238887,15,0,1,36.61973191338456,0,0
396,50.08790131162279,38.42242855274034,94,0,0,89.75291754572169,0,0
397,42.878311043567415,30.69093796194675,13,0,1,79.0906868791514,0,0
398,34.50382899049626,20.16767605767057,93,0,0,76.6198415892071,0,0
399,30.029992427072777,31.944577109576098,53,0,0,96.35857698530569,0,0
400,24.25709121210196,21.694284556185764,18,0,1,88.44386526100942,0,0
401,21.02802978848778,22.79394369834454,22,0,0,49.74957086383876,0,0
402,20.689987988928767,28.9366154800899,29,0,0,44.79232358026092,0,0
403,20.251820405064045,24.828333820617324,56,0,0,73.94611561325726,0,0
404,23.311230113524573,18.412691760023446,23,0,1,158.93484377419722,0,0
405,28.73889643200242,20.727607081068577,62,0,0,85.18220090464446,0,0
406,62.17652801949686,28.327294574472877,40,27,1,186.61152404090734,0,0
407,42.64746362522335,54.60240212564768,38,0,1,181.1540306221088,0,0
408,50.2907315000964,38.7870051123607,75,0,0,63.994840150152555,0,0
409,57.08828153586766,72.24275543936375,44,0,1,142.85917766974984,0,0
410,64.87758438792045,58.70950935418664,40,0,1,112.49627139982867,0,0
411,70.75140058324527,41.88145730269441,73,0,0,52.89152292840605,0,0
412,76.02609173743714,86.35802215501859,57,0,1,37.0061195094699,0,0
413,78.29630372352216,56.0029669279849,60,0,1,118.65765418230738,0,0
414,80.10231555509118,98.85851681554128,22,0,1,167.86410802771601,0,0
415,103.78058931385632,96.36706395471188,86,25,1,45.207412402790425,0,0
416,76.7105886132295,57.48833005491279,72,0,1,149.3863828625487,0,0
417,71.46139793047307,37.14755426852815,63,0,1,196.24272414120685,0,0
418,80.1148053418442,46.892640148553056,63,15,1,82.37035463128197,0,0
419,56.86210117744491,70.37135499036684,86,0,0,64.68547417996061,0,0
420,50.965163704671035,41.811834216337765,94,0,0,30.057179133946388,0,0
421,42.64118776319302,61.466066936848726,50,0,0,66.40036614255882,0,0
422,34.04203839781152,23.726741744343524,93,0,0,52.44481438453404,0,0
423,28.978306081414384,14.655587358048214,52,0,0,93.0318701190867,0,0
424,24.656763460932826,12.973437611001975,60,0,0,40.52399950087611,0,0
425,21.14866020789161,25.349429967281015,43,0,0,86.8936083251494,0,0
426,20.47361415177092,17.244889162848143,89,0,0,23.768304582728646,0,0
427,22.0124432553362,27.280107794036496,71,0,0,39.15513972019197,0,0
428,23.130943280771238,28.130656791730715,55,0,0,37.56111548009839,0,0
429,29.018793746192873,15.049389030135577,86,0,0,99.85060173105452,0,0
430,35.78200323222276,41.41631528971939,15,0,1,181.71694067367045,0,0
431,42.127032253030166,52.40809104035834,38,0,1,162.9210568725155,0,0
432,50.36138744436148,73.87877973893924,25,0,1,169.59063844673108,0,0
433,99.1013572897919,35.7439204225097,84,41,1,156.97330924747692,0,0
434,64.46451438464355,51.67802330351408,74,0,0,19.14280031496346,0,0
435,71.3024017134212,96.34463466992376,71,0,1,131.30461453622735,0,0
436,100.49334686597496,63.23401201190767,63,24,1,163.78222210888015,0,0
437,78.46267070593979,79.0664520425014,61,0,1,39.2618235267483,0,0
438,80.5478815425172,105.99681995869769,16,0,1,129.3943308168951,0,0
439,79.23464905600477,95.7349361462244,94,0,0,67.28988407659453,0,0
440,93.3116036294417,90.8103324983,94,17,0,39.629392911646846,0,0
441,70.64730094836014,45.377974811751365,48,0,1,62.094902015404976,0,1
442,64.82756711693524,56.380818194044295,13,0,1,124.72862074127714,0,0
443,57.57029602869008,65.39276904959821,40,0,1,53.927207376533005,0,0
444,61.01024369921799,68.74228787272092,35,11,1,46.23658011284276,0,0
445,41.815833716860034,54.59112357853851,94,0,0,49.44678875787364,0,0
446,34.613267302703875,34.53268012861836,47,0,0,71.07631383808027,0,0
447,29.446217865193848,29.30146269829866,89,0,0,36.33113938848173,0,0
448,24.068924108628984,23.51218699326463,89,0,0,17.835270140218935,0,0
449,54.986612667860705,19.658931754995315,56,35,0,15.932980275139723,0,0
450,19.38900713135515,17.074283470805376,81,0,0,55.85918004768741,0,0
451,20.29794068432205,29.765075944536395,97,0,0,26.4134154389146,0,0
452,24.363616214581935,22.630849014204895,19,0,1,74.49039966723012,0,0
453,29.11769324378127,27.26109043637531,93,0,0,96.89874333245803,0,0
454,34.60076406212434,43.95600656878583,71,0,0,51.21579282812503,0,0
455,43.021258092417085,22.792889697963407,69,0,0,51.994106042409285,0,0
456,49.54700274364732,53.616103972551386,54,0,0,58.88513382374388,0,0
457,57.940013628375915,66.89036735480454,62,0,0,30.18619317100533,0,0
458,65.97180526336663,49.84277114602669,44,0,1,192.56162103854507,0,0
459,72.35496119998236,76.76117805958901,30,0,1,184.0539263480152,0,0
460,76.12605508001492,53.784558557268326,93,0,0,59.204493722831764,0,0
461,79.95262933801935,92.13355723374887,71,0,1,39.47418374950737,0,0
462,79.79184980689607,82.79683250816396,59,0,1,154.8566034745713,0,0
463,79.1691908570241,112.16618396708381,19,0,1,54.42440302396574,0,0
464,75.72467096497073,100.04091573698483,94,0,0,68.50503002093905,0,0
465,71.74184366761534,36.92914763043488,31,0,1,122.9395511219673,0,0
466,65.01720318325425,93.67972574796376,22,0,1,83.07388753759295,0,0
467,57.51026783508798,49.16580868862301,26,0,1,118.00894296115519,0,0
468,49.511830739389325,37.89149908399401,43,0,1,38.381787795243994,0,0
469,54.41980375494105,31.015041744858674,64,12,0,52.11701353774456,0,0
470,36.78282547378507,25.992183959574604,78,0,0,90.34859737383074,0,0
471,28.542101448864752,29.54594919158636,84,0,0,57.57862498916807,0,0
472,24.09905103434809,20.996944875956977,74,0,0,55.37167760858266,0,0
473,21.481732915246532,19.444097390660858,13,0,1,60.668461978572914,0,0
474,19.575697133610706,27.611464744016917,39,0,0,89.91462794089072,0,0
475,21.650233590653862,28.662511141031782,30,0,0,70.63720565861001,0,0
476,23.939513649048788,14.665970300778477,38,0,0,61.588633738811474,0,0
477,28.96239346888716,36.73003994933682,69,0,0,73.46199679570931,0,0
478,35.15025104785348,43.28508392852676,11,0,1,116.75582970461558,0,0
479,41.84425215939439,44.38625673095526,49,0,0,26.930083660655622,0,0
480,49.634144126051154,58.8653591596084,91,0,0,94.74355988451033,0,0
481,57.348183277915005,55.35481835689807,92,0,0,99.22619926815845,0,0
482,65.36171452447932,70.16894524094532,69,0,0,45.31239512264961,0,0
483,70.69982975766865,87.59076425102734,66,0,1,185.16039887663743,0,0
484,75.51444749700536,40.10543013780868,59,0,1,177.43790077789663,0,0
485,79.20599570661292,69.91704083120692,33,0,1,55.96798121942955,0,0
486,79.82271304700944,97.70961794319372,96,0,0,75.97413891370941,0,0
487,78.90546271801114,99.63619688133407,93,0,0,12.432201932110289,0,0
488,75.82509716500928,70.09958396974959,87,0,0,60.7456419828635,0,0
489,71.30223470806095,73.9039610861501,97,0,0,40.88103325587178,0,0
490,65.43730519432205,67.2128369487293,19,0,1,72.6163818777083,0,0
491,57.84732973743177,69.97207995074145,14,0,1,107.06531547482604,0,0
492,50.01494388691978,74.03474308764058,72,0,0,20.006966509825936,0,1
493,42.75510212138471,35.15167978835,81,0,0,84.99663959954815,0,0
494,35.1870819674447,35.02228983872873,87,0,0,53.39891213523598,0,0
495,29.201324080420683,17.745043587785055,75,0,0,58.38643171926475,0,0
496,23.92118341561247,33.50604713953035,55,0,0,94.33913191882914,0,0
497,21.112764890014315,25.84062858764513,23,0,0,96.02633485066066,1,0
498,20.827052710285372,16.08111807124015,62,0,0,94.66665424188396,0,0
499,21.131169553625064,24.364191345448813,61,0,0,31.395584790901978,0,0
500,24.347046417448993,14.892013706233987,94,0,0,80.34295781125576,0,0
501,28.926837722148107,35.50732453663931,82,0,0,34.7790512214595,0,0
502,35.38688218912876,18.81544423746802,31,0,1,181.30398887588711,0,0
503,42.89875823526359,48.779624391002464,45,0,0,91.09514445218252,0,0
504,49.7488879473794,60.45012507105924,54,0,0,57.40277124332472,0,0
505,56.8569759870706,66.95857902210828,38,0,1,31.7399075101411,0,0
506,63.8891862938919,78.72615591563641,78,0,0,82.32287511213302,0,0
507,70.62948949754187,91.25879203085631,79,0,0,97.96857485729319,0,0
508,75.55576899241971,103.33716293424686,35,0,1,137.9565423838793,0,0
509,78.72334482677606,65.05051531021799,90,0,0,62.08642218930746,0,0
510,90.11088933369018,117.11588966108758,86,10,1,53.71420242532055,0,0
511,79.15986398968029,108.78994304931072,87,0,0,73.13184180464457,0,0
512,75.55264139384626,93.97833431833072,44,0,1,117.79637388455103,0,0
513,70.38931767977309,57.04026992472653,40,0,1,161.41517173628972,0,0
514,65.27877559539766,71.85440354781835,57,0,1,103.45451465468858,0,0
515,57.04982714115405,82.21401049598285,60,0,0,76.42368368172292,0,0
516,51.008384999211,45.71136056597491,94,0,0,77.69771341425566,0,0
517,42.262060632912174,54.65623158443453,99,0,0,21.41868772091111,0,0
518,34.78030532177882,22.627502355413494,92,0,0,12.647111528283922,0,0
519,28.57084563091806,17.644649253737146,57,0,0,91.01351681502028,0,0
520,23.85023467493655,31.00516122629677,28,0,0,88.25344871588774,0,0
521,21.196818573747073,15.172613505509092,94,0,0,11.483543281751698,0,0
522,19.483550363553814,25.129868172257208,27,0,0,94.7785117198437,0,0
523,21.308295797877857,21.671948493407253,66,0,0,23.548344058479103,0,0
524,22.755059558613045,30.166224311501963,41,0,0,96.74110903806638,0,0
525,29.497199828303366,36.39005709644256,13,0,1,146.35780617439593,0,0
526,35.19661559159336,26.259952417160953,11,0,1,199.28162205011185,0,0
527,41.98204889790777,21.214064677460055,27,0,1,155.34022589669456,0,0
528,78.67534099598222,49.67532552622534,15,28,1,39.281709353784706,0,0
529,57.00942710061465,68.42631555079136,31,0,1,102.1466317627735,0,0
530,64.88716677127772,53.47671634412951,68,0,0,40.52675289324134,0,0
531,71.01403461449162,58.16724967185208,82,0,0,68.76167818198594,0,0
532,75.15944471972624,61.36622661140387,28,0,1,71.40677985007315,0,0
533,79.01620207548537,66.99206389068061,11,0,1,35.49344012860628,0,0
534,80.40572117668736,55.3643540785537,30,0,1,94.00598843239244,0,0
535,79.36670651377142,79.10600235637425,16,0,1,21.054798253895974,0,0
536,76.70701906396023,76.29216318992408,96,0,0,64.03725689018071,0,1
537,70.28683500460609,90.50671695575892,24,0,1,113.27024481973964,0,0
538,64.5580680524396,67.42399273803895,22,0,1,45.44968068644525,0,0
539,58.22165543255651,55.96517635574272,43,0,1,27.96466299498259,0,0
540,50.577932308667116,39.90911007713779,18,0,1,48.85736881776257,0,0
541,42.02170075390489,38.65535522825538,65,0,0,86.2103951237858,0,0
542,34.77990227269303,42.37987502648043,83,0,0,99.87689232720497,0,0
543,28.66105199779461,31.667662938026115,48,0,0,67.42826387691818,0,0
544,23.81949522375651,31.446388543112132,43,0,0,81.79979669134065,0,0
545,20.85553070468442,20.234479984086665,95,0,0,54.23778889475581,0,0
546,19.705147741303534,21.59107915769533,58,0,0,72.62674649377327,0,0
547,21.805549956351964,18.398914246188536,71,0,0,93.8470962976726,0,0
548,24.593017573696496,24.97231581684943,19,0,1,149.13965502852523,0,0
549,29.050980300165833,19.71963970755479,89,0,0,12.263984038453259,0,0
550,35.0743960701347,23.76387887742862,55,0,0,27.772968508882524,0,0
551,42.52013600544281,38.58421118171188,13,0,1,56.58853624676722,0,0
552,77.8640801345458,55.72245239308548,84,28,0,70.01821377051019,0,1
553,58.36971785559427,44.33338162928914,95,0,0,59.28867509680772,0,0
554,64.83608735441143,74.2456605336912,40,0,1,81.38508585140323,0,0
555,72.10445563890143,49.44382250177641,97,0,0,51.823197983689425,0,0
556,76.0369099493135,71.87455292225164,36,0,1,139.54234345373703,0,0
557,78.94662178123596,98.69604419496706,10,0,1,54.6348081974926,0,0
558,80.08280964488813,117.59522053691751,36,0,1,190.9125691914009,0,0
559,79.27533073962223,42.48146148626581,43,0,1,156.4268456884051,0,0
560,75.94633404470086,108.59216115222495,70,0,1,138.26900394071848,0,1
561,71.29337273176152,39.54261186665316,91,0,0,43.05833371302973,0,0
562,64.34403098455574,93.34649058684789,95,0,0,19.078424196203162,0,0
563,56.96024986546579,41.15389457991266,65,0,0,59.30270975538954,0,0
564,49.492908998261825,44.796005134149894,61,0,0,76.10838242986861,0,0
565,42.81041012178191,35.438169629768765,22,0,1,44.13101931974366,0,0
566,35.14721250766274,24.425851903557113,45,0,0,96.66207365154321,0,0
567,29.41212631208695,27.605205946138387,99,0,0,64.96497815353098,0,0
568,25.020693312100875,25.33347432089782,22,0,1,105.83041261955252,0,0
569,21.757666845909746,13.115756834827788,32,0,0,37.21215275182648,0,0
570,20.254982037831386,29.080532228910393,11,0,1,55.76102953678518,0,0
571,20.457074126784335,16.089807420957964,79,0,0,26.11746011137611,0,0
572,23.938314279423498,34.20542042617522,69,0,0,50.63316894727014,0,0
573,28.7321951111384,36.79732162567721,65,0,0,41.20786158354737,0,0
574,35.59964353301464,38.59644052348548,47,0,0,98.50259004681115,0,0
575,41.86079045228659,29.66984633469829,39,0,1,27.11953654962029,0,0
576,49.499017831937486,51.21373215705709,37,0,1,165.75522550011158,0,0
577,57.90535906179781,48.41245573110423,20,0,1,91.05393064021446,0,0
578,64.71824340420231,35.73490736259539,79,0,0,85.98884863400274,0,0
579,71.16143458177892,100.39778438206957,36,0,1,45.97330941079901,0,1
580,76.09065550866761,73.39228398807548,72,0,1,27.551871184016875,1,0
581,78.20484217277946,77.64339979419803,98,0,0,13.408611225761728,0,0
582,78.89804456932548,72.5480339522507,53,0,1,187.14661586044065,0,0
583,78.05165584274404,76.85103529691,10,0,1,50.725000875859436,0,0
584,76.0841893917995,98.06343890381126,17,0,1,101.75015851145936,0,0
585,71.32562005758695,74.95726713027635,30,0,1,142.80645632738467,0,0
586,64.48438804226448,41.57187525960153,96,0,0,22.638638992346735,0,0
587,57.950684203243554,52.032222730586646,21,0,1,52.528654703394565,0,0
588,50.298801674987466,25.212417808575825,11,0,1,198.59002979780888,0,0
589,42.256580864550905,22.304757063011255,45,0,0,91.01009978554971,0,0
590,34.71313703056855,50.517434753307946,48,0,0,90.95599034198128,0,0
591,29.388101585044545,38.769182360258995,15,0,1,145.19574489380358,0,0
592,23.74881723725687,24.661324844863575,60,0,0,40.56462021362719,0,0
593,21.005881115884918,12.549442802845627,79,0,0,66.2129696348368,0,0
594,19.749081941536517,19.963758552289672,33,0,0,65.21639991350249,0,1
595,21.36373926668585,30.377141928208744,23,0,0,49.77792688058488,0,0
596,24.32399054326417,21.181351005570907,21,0,1,93.638137767649,0,0
597,29.176179405622957,40.48924791793456,37,0,0,34.555038865310706,0,0
598,34.090101712332604,35.99524423110089,42,0,0,99.77835183187078,0,0
599,42.67907490489852,43.50595321525428,65,0,0,83.91679131274186,1,0
600,49.65312847114941,32.76376577770827,81,0,0,99.3187425399901,0,0
601,57.17265677739806,71.53726899230296,33,0,1,32.07015492061737,0,0
602,65.84980125599873,67.43181630162412,22,0,1,181.43774347411411,0,0
603,71.5356433157422,66.04425201085063,70,0,1,51.779818201183105,0,0
604,76.44829691777122,91.86255218958648,61,0,1,165.93561883593182,0,1
605,79.1585206161379,118.35307636528412,27,0,1,189.51948336398783,0,0
606,80.3911781028213,56.915785616290016,69,0,1,130.0337245380891,0,0
607,78.50914139625185,105.75353003356742,19,0,1,66.99138220510835,0,0
608,76.6720682320721,108.69730784530138,98,0,0,15.358108421274098,0,0
609,70.80770463379848,38.50058298654308,64,0,1,145.6435805600174,0,1
610,65.53227800345687,52.63209897164491,32,0,1,143.16229187089323,0,0
611,57.064319069095426,74.074680848624,19,0,1,187.04880672075802,0,0
612,50.15095719870391,74.04675048859934,72,0,0,65.58582037429053,0,0
613,42.513187779739596,49.410401501130906,92,0,0,95.08323097993033,0,0
614,62.59387658482298,35.107779109754574,77,28,0,44.85493601388595,0,0
615,28.97291447642555,37.864721743808786,84,0,0,96.70280639281157,0,0
616,24.418846168294248,16.95069429459644,70,0,0,95.87893413953351,0,0
617,21.15517387067952,30.835132028081244,71,0,0,79.51709045068137,0,0
618,19.617396540905983,25.041775499282526,30,0,0,55.55688130226261,0,0
619,21.181957263639557,11.171518221822247,85,0,0,77.5639154120496,0,0
620,24.552711558433636,18.022183311292736,87,0,0,66.7066833215624,0,0
621,29.13967259036417,35.732626529355834,29,0,1,123.9207250022812,0,0
622,36.140227664599394,27.701937505815337,86,0,0,16.869559932983726,0,0
623,41.92175967307509,24.749662925186026,56,0,0,96.12571923287211,1,1
624,80.5244388118706,55.02249606070224,26,31,1,84.43424014595136,0,0
625,58.45490466163008,77.04544355506339,10,0,1,125.90881843683289,0,0
626,65.2496641829768,38.03933357641621,52,0,1,57.78428504420201,0,0
627,71.19239510042996,98.64210063364582,48,0,1,186.29845381711695,0,0
628,75.61330642924818,61.19006966161745,90,0,0,81.84918064131524,0,0
629,79.51533823194492,55.44133429184109,78,0,1,199.19577303537164,0,0
630,80.0550472293047,47.00610406878162,25,0,1,101.54628275893224,0,0
631,78.5330834685973,76.56126141214577,72,0,1,98.16006523862723,0,0
632,76.10100698895134,75.00763923762841,78,0,0,24.056813900951113,0,0
633,71.5030675452939,55.793302747520684,44,0,1,41.01251450180513,0,0
634,65.10744136787011,77.18600302233749,33,0,1,119.67312573032783,0,0
635,57.4611891163233,35.31343603635493,41,0,1,109.25053460965411,0,0
636,50.42578030192878,75.05226912134309,34,0,1,146.53016511529606,0,0
637,41.73977304381718,39.787314852410454,96,0,0,73.27767753639918,0,0
638,35.0740255311063,45.76217483384075,46,0,0,65.51646618019444,1,0
639,28.397975805112104,40.813021641882585,48,0,0,55.224263501426925,0,0
640,23.836258130796747,14.088755048449977,48,0,0,78.43676686104068,0,0
641,20.922791780581825,19.15679013099748,93,0,0,13.086593485250647,0,0
642,20.02610506297272,15.451415744494811,51,0,0,63.63093814756124,0,0
643,34.668325151279156,25.309714703847085,32,14,1,80.94195866311695,1,0
644,23.68512049947324,17.858276730692555,87,0,0,28.204561641242016,0,0
645,28.948483751036513,18.743603218820105,91,0,0,43.53561740254717,0,0
646,35.05152129498483,20.569038691141404,96,0,0,76.29611989189269,0,0
647,42.545649670554376,44.53817772458989,37,0,1,57.47873328042892,0,1
648,49.60592833575796,35.675148387726374,12,0,1,78.26555590807737,0,0
649,58.02188097905346,86.3376557784535,32,0,1,125.87572884481366,0,0
650,98.06855907265486,86.13787513522884,72,34,1,29.58618273544257,0,0
651,70.82130244235992,74.1086793419046,28,0,1,157.01279794228523,0,0
652,76.22686512458297,55.96494925864999,33,0,1,162.5625198811001,0,0
653,78.86136952757262,115.99766023436577,65,0,1,178.6446363560473,0,1
654,79.70634562645596,86.30668253760348,98,0,0,60.267968780327834,0,0
655,78.95531591491857,90.9123396915344,54,0,1,188.15060797290255,0,0
656,75.86540405096572,94.46774392891439,81,0,0,13.673174861683094,0,1
657,80.33746646281271,105.0767366012728,27,10,1,169.48513703098672,0,0
658,64.75889238510612,41.11353580396993,50,0,1,107.85738028588159,0,0
659,57.28593009922008,68.10473758435491,83,0,0,29.752022574310093,0,0
660,50.202948605457536,74.44369837362798,23,0,1,125.10205584650899,0,0
661,41.84243982335011,59.59130242435614,50,0,0,43.14471441058979,0,0
662,35.52937753631499,29.651542588388324,45,0,0,74.55365845877046,0,0
663,28.704844252926033,19.668304095694772,29,0,0,79.31852839183252,1,0
664,24.736256170521816,17.91390892965272,95,0,0,86.72188239579,0,0
665,21.320788388619693,13.79064213227444,92,0,0,20.344218154015202,0,0
666,20.677201365887584,22.579899777686474,44,0,0,73.98682967445184,0,0
667,20.66722255060292,17.239195596753042,27,0,0,26.352116840374755,0,0
668,23.641216203486785,31.540993490377346,44,0,0,20.840059842814114,0,0
669,28.80464516080141,37.74445895218838,96,0,0,55.81504096635851,0,0
670,35.1833549422722,39.754596585164784,28,0,1,139.07801530791977,0,0
671,42.361786777104506,26.30458316165087,80,0,0,25.857342400208104,0,0
672,49.9816734440267,37.06995319110105,75,0,0,90.8316128372008,0,0
673,57.914558124668694,42.79077571682627,79,0,0,32.74842161796068,0,0
674,65.23728758548341,33.29041279229787,77,0,0,94.16489395611708,0,1
675,71.12564915788023,45.15793045074983,19,0,1,196.58322839044834,0,0
676,76.13948751829199,67.03147539934632,93,0,0,45.53858703993344,0,0
677,78.92612171169904,100.53609707492215,86,0,0,63.549178974760515,0,1
678,80.10719654830207,60.94924785117084,11,0,1,59.353809789254505,0,0
679,79.21440342955361,76.74508104048611,48,0,1,74.54967205186341,0,0
680,75.64815445747344,53.33210126612717,41,0,1,41.80205394472965,0,0
681,71.56748597544767,102.30485068746128,55,0,1,98.1767836993234,0,0
682,65.0035651784474,77.26644802352251,35,0,1,104.66364052139244,0,0
683,58.30886453525246,38.26134974958639,24,0,1,124.28299925578901,0,0
684,50.14241357117886,67.37576045398906,80,0,0,16.83125418490802,0,0
685,42.71706648741966,31.756547607277327,92,0,0,92.54173377124174,0,0
686,54.21609032353742,29.249811609858135,81,20,0,21.26876939295647,0,0
687,29.68117619035498,18.09837854598899,40,0,0,96.25234702605287,0,0
688,23.8499491724888,12.814941207957443,28,0,0,30.094457958552866,0,0
689,20.30161911160309,26.277088052587942,90,0,0,32.66198149557144,0,0
690,19.728749651726588,25.510793593581695,51,0,0,86.19242364417187,0,0
691,21.117081513096778,20.242182523607102,33,0,0,91.37840517151336,0,0
692,23.967775041710908,27.491191959115568,49,0,0,59.082901508129154,0,0
693,28.429667804959344,31.634776452618638,84,0,0,12.997986482601865,0,0
694,35.194134862257535,41.2904156755318,68,0,0,18.86978317533015,0,0
695,41.93099720231542,55.96135786811855,80,0,0,67.37877283613926,0,0
696,50.232239843263336,47.62259282698759,46,0,1,106.39386377495018,0,0
697,57.299578102512974,61.696046699893856,39,0,1,169.82469433888787,0,0
698,65.23691985625993,74.01776273970816,75,0,0,99.96363881295895,0,0
699,70.26876911658064,69.85598756055495,34,0,1,38.182916937078694,0,0
700,75.32316516476307,43.87806410962996,87,0,0,73.72512687041922,0,0
701,79.08031732680041,70.70377416968947,12,0,1,118.99994694433579,0,0
702,79.56025313007831,71.08219170842841,84,0,0,93.24248488030155,0,0
703,78.2102847593195,116.6776130810747,23,0,1,128.35630377048204,0,0
704,76.05750850826942,38.89634457758787,67,0,1,71.38460028231617,0,0
705,70.86907545597087,75.70644991338652,30,0,1,180.6746411752163,0,0
706,65.10138438555192,46.798631731477165,70,0,0,74.12047278439704,0,0
707,58.13996465569872,36.08387077753425,12,0,1,55.577341900993694,0,0
708,71.37720327653457,36.63211938272252,34,22,1,82.8409663185077,0,0
709,42.72491041002881,42.66148433280972,40,0,1,24.032367082619956,0,0
710,34.60602870779882,18.059990436733838,28,0,1,92.07684057988303,0,0
711,40.65915336820251,36.7884522081753,69,13,0,22.934339714302787,0,0
712,24.156449123864615,13.34800430489511,48,0,0,60.772649852595976,0,0
713,20.696938037302136,16.625298624075832,47,0,0,76.7261735032791,0,0
714,19.931540621179753,29.352991980366376,16,0,1,72.1436218838351,0,0
715,20.703953406071534,17.43229478380755,83,0,0,90.4544892901315,0,0
716,24.451283968598872,19.64597099093564,31,0,0,73.61411535730923,0,0
717,28.936888860774406,39.52047460607898,43,0,0,72.57382848962725,0,0
718,34.767374263357326,34.69812121028498,53,0,0,14.799097176388,0,0
719,42.28819041652131,36.95462285709209,28,0,1,59.50497041211433,0,0
